{
  "PDR": 0.8166666666666667,
  "airtime_by_node": {
    "1": 0.6174719999999999,
    "2": 4.448256,
    "3": 0.339456,
    "4": 1.112064,
    "5": 0.339456,
    "6": 2.224128,
    "7": 2.224128,
    "8": 2.224128,
    "9": 7.9134720000000005,
    "10": 2.224128,
    "11": 0.6174719999999999,
    "12": 0.339456,
    "13": 2.224128,
    "14": 0.339456,
    "15": 2.224128,
    "16": 2.224128,
    "17": 4.448256,
    "18": 0.339456,
    "19": 7.9134720000000005,
    "20": 2.224128,
    "21": 1.112064,
    "22": 7.9134720000000005,
    "23": 0.6174719999999999,
    "24": 4.448256,
    "25": 0.339456,
    "26": 1.112064,
    "27": 0.339456,
    "28": 0.339456,
    "29": 0.339456,
    "30": 7.9134720000000005,
    "31": 4.448256,
    "32": 0.339456,
    "33": 2.224128,
    "34": 7.9134720000000005,
    "35": 0.6174719999999999,
    "36": 2.224128,
    "37": 7.9134720000000005,
    "38": 0.339456,
    "39": 4.448256,
    "40": 0.6174719999999999
  },
  "avg_arrival_interval_s": 29.463132592825207,
  "avg_delay_s": 0.41181257142857314,
  "collisions": 9,
  "delivered": 196,
  "duplicates": 0,
  "energy_J": 30.194942215339104,
  "energy_breakdown_by_gateway": {
    "1": {}
  },
  "energy_breakdown_by_node": {
    "1": {
      "processing": 0.0,
      "rx": 0.38411999999999985,
      "sleep": 5.9963416437153893e-05,
      "startup": 0.0,
      "tx": 0.08965693439999999
    },
    "2": {
      "processing": 0.0,
      "rx": 0.38411999999999985,
      "sleep": 3.831284515798798e-05,
      "startup": 0.0,
      "tx": 0.6458867711999999
    },
    "3": {
      "processing": 0.0,
      "rx": 0.38411999999999985,
      "sleep": 6.62928291752959e-05,
      "startup": 0.0,
      "tx": 0.049289011199999996
    },
    "4": {
      "processing": 0.0,
      "rx": 0.38411999999999985,
      "sleep": 6.624999266985592e-05,
      "startup": 0.0,
      "tx": 0.16147169279999998
    },
    "5": {
      "processing": 0.0,
      "rx": 0.38411999999999985,
      "sleep": 2.7616406002166726e-05,
      "startup": 0.0,
      "tx": 0.049289011199999996
    },
    "6": {
      "processing": 0.0,
      "rx": 0.38411999999999985,
      "sleep": 5.638793432726204e-05,
      "startup": 0.0,
      "tx": 0.32294338559999997
    },
    "7": {
      "processing": 0.0,
      "rx": 0.38411999999999985,
      "sleep": 7.998658321364794e-05,
      "startup": 0.0,
      "tx": 0.32294338559999997
    },
    "8": {
      "processing": 0.0,
      "rx": 0.38411999999999985,
      "sleep": 5.330447693743857e-05,
      "startup": 0.0,
      "tx": 0.32294338559999997
    },
    "9": {
      "processing": 0.0,
      "rx": 0.38411999999999985,
      "sleep": 0.00011873814677211601,
      "startup": 0.0,
      "tx": 1.1490361344
    },
    "10": {
      "processing": 0.0,
      "rx": 0.38411999999999985,
      "sleep": 1.5007925527206294e-05,
      "startup": 0.0,
      "tx": 0.32294338559999997
    },
    "11": {
      "processing": 0.0,
      "rx": 0.38411999999999985,
      "sleep": 6.264102970538565e-05,
      "startup": 0.0,
      "tx": 0.08965693439999999
    },
    "12": {
      "processing": 0.0,
      "rx": 0.38411999999999985,
      "sleep": 0.00013335065979697347,
      "startup": 0.0,
      "tx": 0.049289011199999996
    },
    "13": {
      "processing": 0.0,
      "rx": 0.38411999999999985,
      "sleep": 7.111548186873048e-05,
      "startup": 0.0,
      "tx": 0.32294338559999997
    },
    "14": {
      "processing": 0.0,
      "rx": 0.38411999999999985,
      "sleep": 4.168992428591361e-05,
      "startup": 0.0,
      "tx": 0.049289011199999996
    },
    "15": {
      "processing": 0.0,
      "rx": 0.38411999999999985,
      "sleep": 9.654817116299405e-05,
      "startup": 0.0,
      "tx": 0.32294338559999997
    },
    "16": {
      "processing": 0.0,
      "rx": 0.38411999999999985,
      "sleep": 2.1193030548970056e-05,
      "startup": 0.0,
      "tx": 0.32294338559999997
    },
    "17": {
      "processing": 0.0,
      "rx": 0.38411999999999985,
      "sleep": 4.474378853647721e-05,
      "startup": 0.0,
      "tx": 0.6458867711999999
    },
    "18": {
      "processing": 0.0,
      "rx": 0.38411999999999985,
      "sleep": 1.7482193374031146e-05,
      "startup": 0.0,
      "tx": 0.049289011199999996
    },
    "19": {
      "processing": 0.0,
      "rx": 0.38411999999999985,
      "sleep": 5.208881382765628e-05,
      "startup": 0.0,
      "tx": 1.1490361344
    },
    "20": {
      "processing": 0.0,
      "rx": 0.38411999999999985,
      "sleep": 5.1783836819540435e-05,
      "startup": 0.0,
      "tx": 0.32294338559999997
    },
    "21": {
      "processing": 0.0,
      "rx": 0.38411999999999985,
      "sleep": 5.7846329271120306e-05,
      "startup": 0.0,
      "tx": 0.16147169279999998
    },
    "22": {
      "processing": 0.0,
      "rx": 0.38411999999999985,
      "sleep": 4.9144976958031396e-05,
      "startup": 0.0,
      "tx": 1.1490361344
    },
    "23": {
      "processing": 0.0,
      "rx": 0.38411999999999985,
      "sleep": 3.698351015642079e-05,
      "startup": 0.0,
      "tx": 0.08965693439999999
    },
    "24": {
      "processing": 0.0,
      "rx": 0.38411999999999985,
      "sleep": 5.497452224879257e-05,
      "startup": 0.0,
      "tx": 0.6458867711999999
    },
    "25": {
      "processing": 0.0,
      "rx": 0.38411999999999985,
      "sleep": 6.597550832202365e-05,
      "startup": 0.0,
      "tx": 0.049289011199999996
    },
    "26": {
      "processing": 0.0,
      "rx": 0.38411999999999985,
      "sleep": 5.561141998349401e-05,
      "startup": 0.0,
      "tx": 0.16147169279999998
    },
    "27": {
      "processing": 0.0,
      "rx": 0.38411999999999985,
      "sleep": 4.204664120557795e-05,
      "startup": 0.0,
      "tx": 0.049289011199999996
    },
    "28": {
      "processing": 0.0,
      "rx": 0.38411999999999985,
      "sleep": 7.865404666433343e-05,
      "startup": 0.0,
      "tx": 0.049289011199999996
    },
    "29": {
      "processing": 0.0,
      "rx": 0.38411999999999985,
      "sleep": 3.0335535456260474e-05,
      "startup": 0.0,
      "tx": 0.049289011199999996
    },
    "30": {
      "processing": 0.0,
      "rx": 0.38411999999999985,
      "sleep": 4.215217008327952e-05,
      "startup": 0.0,
      "tx": 1.1490361344
    },
    "31": {
      "processing": 0.0,
      "rx": 0.38411999999999985,
      "sleep": 5.410308736135434e-05,
      "startup": 0.0,
      "tx": 0.6458867711999999
    },
    "32": {
      "processing": 0.0,
      "rx": 0.38411999999999985,
      "sleep": 4.74219831604942e-05,
      "startup": 0.0,
      "tx": 0.049289011199999996
    },
    "33": {
      "processing": 0.0,
      "rx": 0.38411999999999985,
      "sleep": 3.627534090034602e-05,
      "startup": 0.0,
      "tx": 0.32294338559999997
    },
    "34": {
      "processing": 0.0,
      "rx": 0.38411999999999985,
      "sleep": 1.7219513641518003e-05,
      "startup": 0.0,
      "tx": 1.1490361344
    },
    "35": {
      "processing": 0.0,
      "rx": 0.38411999999999985,
      "sleep": 8.318296089301352e-06,
      "startup": 0.0,
      "tx": 0.08965693439999999
    },
    "36": {
      "processing": 0.0,
      "rx": 0.38411999999999985,
      "sleep": 7.142075427265473e-05,
      "startup": 0.0,
      "tx": 0.32294338559999997
    },
    "37": {
      "processing": 0.0,
      "rx": 0.38411999999999985,
      "sleep": 8.667164313325559e-05,
      "startup": 0.0,
      "tx": 1.1490361344
    },
    "38": {
      "processing": 0.0,
      "rx": 0.38411999999999985,
      "sleep": 3.341686472973291e-05,
      "startup": 0.0,
      "tx": 0.049289011199999996
    },
    "39": {
      "processing": 0.0,
      "rx": 0.38411999999999985,
      "sleep": 7.016705359311512e-05,
      "startup": 0.0,
      "tx": 0.6458867711999999
    },
    "40": {
      "processing": 0.0,
      "rx": 0.38411999999999985,
      "sleep": 6.55866559021632e-05,
      "startup": 0.0,
      "tx": 0.08965693439999999
    }
  },
  "energy_by_gateway": {
    "1": 0.0
  },