{
  "PDR": 0.7375,
  "airtime_by_node": {
    "1": 0.339456,
    "2": 0.339456,
    "3": 0.339456,
    "4": 0.339456,
    "5": 0.339456,
    "6": 0.339456,
    "7": 0.339456,
    "8": 0.339456,
    "9": 0.339456,
    "10": 0.339456,
    "11": 0.339456,
    "12": 0.339456,
    "13": 0.339456,
    "14": 0.339456,
    "15": 0.339456,
    "16": 0.339456,
    "17": 0.339456,
    "18": 0.339456,
    "19": 0.339456,
    "20": 0.339456,
    "21": 0.339456,
    "22": 0.339456,
    "23": 0.339456,
    "24": 0.339456,
    "25": 0.339456,
    "26": 0.339456,
    "27": 0.339456,
    "28": 0.339456,
    "29": 0.339456,
    "30": 0.339456,
    "31": 0.339456,
    "32": 0.339456,
    "33": 0.339456,
    "34": 0.339456,
    "35": 0.339456,
    "36": 0.339456,
    "37": 0.339456,
    "38": 0.339456,
    "39": 0.339456,
    "40": 0.339456
  },
  "avg_arrival_interval_s": 29.463132592825215,
  "avg_delay_s": 0.05657600000000455,
  "collisions": 8,
  "delivered": 177,
  "duplicates": 0,
  "energy_J": 16.589424685930503,
  "energy_breakdown_by_gateway": {
    "1": {
      "tx": 0.10222080000000007
    }
  },
  "energy_breakdown_by_node": {
    "1": {
      "processing": 0.0,
      "rx": 0.38411999999999985,
      "sleep": 6.870759412017171e-05,
      "startup": 0.0,
      "tx": 0.02800512
    },
    "2": {
      "processing": 0.0,
      "rx": 0.38411999999999985,
      "sleep": 3.7034568132349195e-05,
      "startup": 0.0,
      "tx": 0.02800512
    },
    "3": {
      "processing": 0.0,
      "rx": 0.38411999999999985,
      "sleep": 7.989659928335235e-05,
      "startup": 0.0,
      "tx": 0.02800512
    },
    "4": {
      "processing": 0.0,
      "rx": 0.38411999999999985,
      "sleep": 3.346367983157883e-05,
      "startup": 0.0,
      "tx": 0.02800512
    },
    "5": {
      "processing": 0.0,
      "rx": 0.38411999999999985,
      "sleep": 4.437357893945229e-05,
      "startup": 0.0,
      "tx": 0.02800512
    },
    "6": {
      "processing": 0.0,
      "rx": 0.38411999999999985,
      "sleep": 3.349769375884179e-05,
      "startup": 0.0,
      "tx": 0.02800512
    },
    "7": {
      "processing": 0.0,
      "rx": 0.38411999999999985,
      "sleep": 6.0639115778651437e-05,
      "startup": 0.0,
      "tx": 0.02800512
    },
    "8": {
      "processing": 0.0,
      "rx": 0.38411999999999985,
      "sleep": 5.382276173743857e-05,
      "startup": 0.0,
      "tx": 0.02800512
    },
    "9": {
      "processing": 0.0,
      "rx": 0.38411999999999985,
      "sleep": 1.7274903306719122e-05,
      "startup": 0.0,
      "tx": 0.02800512
    },
    "10": {
      "processing": 0.0,
      "rx": 0.38411999999999985,
      "sleep": 3.2616537565383396e-05,
      "startup": 0.0,
      "tx": 0.02800512
    },
    "11": {
      "processing": 0.0,
      "rx": 0.38411999999999985,
      "sleep": 5.84247921022278e-05,
      "startup": 0.0,
      "tx": 0.02800512
    },
    "12": {
      "processing": 0.0,
      "rx": 0.38411999999999985,
      "sleep": 0.0001147125968394085,
      "startup": 0.0,
      "tx": 0.02800512
    },
    "13": {
      "processing": 0.0,
      "rx": 0.38411999999999985,
      "sleep": 6.207508850109491e-05,
      "startup": 0.0,
      "tx": 0.02800512
    },
    "14": {
      "processing": 0.0,
      "rx": 0.38411999999999985,
      "sleep": 5.059790316574886e-05,
      "startup": 0.0,
      "tx": 0.02800512
    },
    "15": {
      "processing": 0.0,
      "rx": 0.38411999999999985,
      "sleep": 9.232993876642254e-05,
      "startup": 0.0,
      "tx": 0.02800512
    },
    "16": {
      "processing": 0.0,
      "rx": 0.38411999999999985,
      "sleep": 1.7080694145738325e-05,
      "startup": 0.0,
      "tx": 0.02800512
    },
    "17": {
      "processing": 0.0,
      "rx": 0.38411999999999985,
      "sleep": 8.579469285803677e-05,
      "startup": 0.0,
      "tx": 0.02800512
    },
    "18": {
      "processing": 0.0,
      "rx": 0.38411999999999985,
      "sleep": 0.00013194371903149296,
      "startup": 0.0,
      "tx": 0.02800512
    },
    "19": {
      "processing": 0.0,
      "rx": 0.38411999999999985,
      "sleep": 4.328286629991656e-05,
      "startup": 0.0,
      "tx": 0.02800512
    },
    "20": {
      "processing": 0.0,
      "rx": 0.38411999999999985,
      "sleep": 5.88777941312382e-05,
      "startup": 0.0,
      "tx": 0.02800512
    },
    "21": {
      "processing": 0.0,
      "rx": 0.38411999999999985,
      "sleep": 4.615104993347427e-05,
      "startup": 0.0,
      "tx": 0.02800512
    },
    "22": {
      "processing": 0.0,
      "rx": 0.38411999999999985,
      "sleep": 7.29351226533628e-05,
      "startup": 0.0,
      "tx": 0.02800512
    },
    "23": {
      "processing": 0.0,
      "rx": 0.38411999999999985,
      "sleep": 1.920719805622675e-05,
      "startup": 0.0,
      "tx": 0.02800512
    },
    "24": {
      "processing": 0.0,
      "rx": 0.38411999999999985,
      "sleep": 5.566492768447886e-05,
      "startup": 0.0,
      "tx": 0.02800512
    },
    "25": {
      "processing": 0.0,
      "rx": 0.38411999999999985,
      "sleep": 6.550022871922262e-05,
      "startup": 0.0,
      "tx": 0.02800512
    },
    "26": {
      "processing": 0.0,
      "rx": 0.38411999999999985,
      "sleep": 5.1305203510248276e-05,
      "startup": 0.0,
      "tx": 0.02800512
    },
    "27": {
      "processing": 0.0,
      "rx": 0.38411999999999985,
      "sleep": 5.3035977066261065e-05,
      "startup": 0.0,
      "tx": 0.02800512
    },
    "28": {
      "processing": 0.0,
      "rx": 0.38411999999999985,
      "sleep": 5.6644178897463367e-05,
      "startup": 0.0,
      "tx": 0.02800512
    },
    "29": {
      "processing": 0.0,
      "rx": 0.38411999999999985,
      "sleep": 4.374061074810232e-05,
      "startup": 0.0,
      "tx": 0.02800512
    },
    "30": {
      "processing": 0.0,
      "rx": 0.38411999999999985,
      "sleep": 3.458463884539407e-05,
      "startup": 0.0,
      "tx": 0.02800512
    },
    "31": {
      "processing": 0.0,
      "rx": 0.38411999999999985,
      "sleep": 4.51840382927825e-05,
      "startup": 0.0,
      "tx": 0.02800512
    },
    "32": {
      "processing": 0.0,
      "rx": 0.38411999999999985,
      "sleep": 9.229351157571806e-05,
      "startup": 0.0,
      "tx": 0.02800512
    },
    "33": {
      "processing": 0.0,
      "rx": 0.38411999999999985,
      "sleep": 7.156460091018695e-05,
      "startup": 0.0,
      "tx": 0.02800512
    },
    "34": {
      "processing": 0.0,
      "rx": 0.38411999999999985,
      "sleep": 3.18688576663135e-05,
      "startup": 0.0,
      "tx": 0.02800512
    },
    "35": {
      "processing": 0.0,
      "rx": 0.38411999999999985,
      "sleep": 8.394750489301351e-06,
      "startup": 0.0,
      "tx": 0.02800512
    },
    "36": {
      "processing": 0.0,
      "rx": 0.38411999999999985,
      "sleep": 7.436571533640256e-05,
      "startup": 0.0,
      "tx": 0.02800512
    },
    "37": {
      "processing": 0.0,
      "rx": 0.38411999999999985,
      "sleep": 5.763050604641741e-05,
      "startup": 0.0,
      "tx": 0.02800512
    },
    "38": {
      "processing": 0.0,
      "rx": 0.38411999999999985,
      "sleep": 6.973074945402054e-05,
      "startup": 0.0,
      "tx": 0.02800512
    },
    "39": {
      "processing": 0.0,
      "rx": 0.38411999999999985,
      "sleep": 5.300473446544434e-05,
      "startup": 0.0,
      "tx": 0.02800512
    },
    "40": {
      "processing": 0.0,
      "rx": 0.38411999999999985,
      "sleep": 1.9832211981391353e-05,
      "startup": 0.0,
      "tx": 0.02800512
    }
  },
  "energy_by_gateway": {
    "1": 0.10222080000000007
  },
  "energy_by_node": {
    "1": 0.41219382759412,
    "2": 0.4121621545681322,
    "3": 0.4122050165992832,
    "4": 0.41215858367983144,
    "5": 0.4121694935789393,
    "6": 0.41215861769375867,
    "7": 0.4121857591157785,
    "8": 0.41217894276173733,
    "9": 0.41214239490330656,
    "10": 0.4121577365375652,
    "11": 0.41218354479210206,
    "12": 0.4122398325968393,